,name,ratio,k_size,max_dist,fidelity,n_segs,img_num
0,quickshift,0.01,3,100,0.21464208400936358,69,0
1,quickshift,0.01,3,1000,0.225642763960899,69,0
2,quickshift,0.01,8,100,0.47806844854713026,10,0
3,quickshift,0.01,8,1000,0.48552429409606956,10,0
4,quickshift,0.2,3,100,0.26305321798811787,73,0
5,quickshift,0.2,3,1000,0.22868919318294034,73,0
6,quickshift,0.2,8,100,0.5077595285104528,11,0
7,quickshift,0.2,8,1000,0.5321921309967615,11,0
8,quickshift,0.01,3,100,0.2711700883136655,62,1
9,quickshift,0.01,3,1000,0.26801739933694424,62,1
10,quickshift,0.01,8,100,0.6056628897378866,10,1
11,quickshift,0.01,8,1000,0.6253143901637466,10,1
12,quickshift,0.2,3,100,0.30906706527744243,62,1
13,quickshift,0.2,3,1000,0.35022537526434494,62,1
14,quickshift,0.2,8,100,0.6263570811955251,10,1
15,quickshift,0.2,8,1000,0.6197778186508821,10,1
16,quickshift,0.01,3,100,0.11047448265139936,49,2
17,quickshift,0.01,3,1000,0.09858942326834474,49,2
18,quickshift,0.01,8,100,0.2848440677187106,9,2
19,quickshift,0.01,8,1000,0.35948753787066645,9,2
20,quickshift,0.2,3,100,0.10766644273673454,52,2
21,quickshift,0.2,3,1000,0.1067384395170653,52,2
22,quickshift,0.2,8,100,0.34444206815664713,11,2
23,quickshift,0.2,8,1000,0.35146572088842387,11,2
24,quickshift,0.01,3,100,0.14442675408520256,63,3
25,quickshift,0.01,3,1000,0.11806221141375495,63,3
26,quickshift,0.01,8,100,0.4974188675874508,7,3
27,quickshift,0.01,8,1000,0.49766699029327705,7,3
28,quickshift,0.2,3,100,0.12588473190504967,72,3
29,quickshift,0.2,3,1000,0.13073143109295238,72,3
30,quickshift,0.2,8,100,0.273440625823548,10,3
31,quickshift,0.2,8,1000,0.25794017610895503,10,3
32,quickshift,0.01,3,100,0.2336692539712294,61,4
33,quickshift,0.01,3,1000,0.23531574755795892,61,4
34,quickshift,0.01,8,100,0.7484084377679305,7,4
35,quickshift,0.01,8,1000,0.7683931338672726,7,4
36,quickshift,0.2,3,100,0.20848320090914974,58,4
37,quickshift,0.2,3,1000,0.25733460158188004,58,4
38,quickshift,0.2,8,100,0.6571173386435738,8,4
39,quickshift,0.2,8,1000,0.7006909844052618,8,4
40,quickshift,0.01,3,100,0.17308444104457166,69,5
41,quickshift,0.01,3,1000,0.16577630586795922,69,5
42,quickshift,0.01,8,100,0.6627778110038313,7,5
43,quickshift,0.01,8,1000,0.6612607515006297,7,5
44,quickshift,0.2,3,100,0.2746059424111358,71,5
45,quickshift,0.2,3,1000,0.29226912387399184,71,5
46,quickshift,0.2,8,100,0.6529415609572687,10,5
47,quickshift,0.2,8,1000,0.6553420920824661,10,5
48,quickshift,0.01,3,100,0.12740715729357688,73,6
49,quickshift,0.01,3,1000,0.13132260418509245,73,6
50,quickshift,0.01,8,100,0.1404641753225262,10,6
51,quickshift,0.01,8,1000,0.22475744752552437,10,6
52,quickshift,0.2,3,100,0.13610474350658075,76,6
53,quickshift,0.2,3,1000,0.14141416434039045,76,6
54,quickshift,0.2,8,100,0.2562336404279659,9,6
55,quickshift,0.2,8,1000,0.27405012770464876,9,6
56,quickshift,0.01,3,100,0.10749074251046044,53,7
57,quickshift,0.01,3,1000,0.09338374479732546,53,7
58,quickshift,0.01,8,100,0.35755111924198124,6,7
59,quickshift,0.01,8,1000,0.40868447949089376,6,7
60,quickshift,0.2,3,100,0.10864377468606312,59,7
61,quickshift,0.2,3,1000,0.11767400099941794,59,7
62,quickshift,0.2,8,100,0.2559502435629063,7,7
63,quickshift,0.2,8,1000,0.23209735096463335,7,7
64,quickshift,0.01,3,100,0.2741817314874536,59,8
65,quickshift,0.01,3,1000,0.2656725907519504,59,8
66,quickshift,0.01,8,100,0.6156725939033104,11,8
67,quickshift,0.01,8,1000,0.5957443325159113,11,8
68,quickshift,0.2,3,100,0.281732020369449,60,8
69,quickshift,0.2,3,1000,0.23258041506405344,60,8
70,quickshift,0.2,8,100,0.5552800820509793,12,8
71,quickshift,0.2,8,1000,0.549335613179152,12,8
72,quickshift,0.01,3,100,0.1398893336610446,43,9
73,quickshift,0.01,3,1000,0.13753469661749496,43,9
74,quickshift,0.01,8,100,0.46191704380346166,10,9
75,quickshift,0.01,8,1000,0.4849842170636205,10,9
76,quickshift,0.2,3,100,0.13776779069525136,43,9
77,quickshift,0.2,3,1000,0.21952003385044627,43,9
78,quickshift,0.2,8,100,0.4504898946353847,10,9
79,quickshift,0.2,8,1000,0.4515413719916123,10,9
80,quickshift,0.01,3,100,0.28839344053251725,49,10
81,quickshift,0.01,3,1000,0.318161969290204,49,10
82,quickshift,0.01,8,100,0.7233703800435299,10,10
83,quickshift,0.01,8,1000,0.7297802258229044,10,10
84,quickshift,0.2,3,100,0.2552253916502477,49,10
85,quickshift,0.2,3,1000,0.2604021880715989,49,10
86,quickshift,0.2,8,100,0.6557306350699905,10,10
87,quickshift,0.2,8,1000,0.6303075920987911,10,10
88,quickshift,0.01,3,100,0.17165042367960615,77,11
89,quickshift,0.01,3,1000,0.20780348336209886,77,11
90,quickshift,0.01,8,100,0.321217169081048,8,11
91,quickshift,0.01,8,1000,0.34351826159537713,8,11
92,quickshift,0.2,3,100,0.19374792477023084,87,11
93,quickshift,0.2,3,1000,0.18368038840774092,87,11
94,quickshift,0.2,8,100,0.26236212080874544,8,11
95,quickshift,0.2,8,1000,0.2579376910372587,8,11
96,quickshift,0.01,3,100,0.4419945585138398,55,12
97,quickshift,0.01,3,1000,0.42646379734361556,55,12
98,quickshift,0.01,8,100,0.7206034795039614,8,12
99,quickshift,0.01,8,1000,0.7235343756082434,8,12
100,quickshift,0.2,3,100,0.5050313154400238,62,12
101,quickshift,0.2,3,1000,0.4679086929358713,62,12
102,quickshift,0.2,8,100,0.5914293490309989,9,12
103,quickshift,0.2,8,1000,0.5909198577572681,9,12
104,quickshift,0.01,3,100,0.1661487442760885,75,13
105,quickshift,0.01,3,1000,0.15770624920030474,75,13
106,quickshift,0.01,8,100,0.2501266094514544,8,13
107,quickshift,0.01,8,1000,0.26453215760508497,8,13
108,quickshift,0.2,3,100,0.20027143625335264,87,13
109,quickshift,0.2,3,1000,0.29448386642613666,87,13
110,quickshift,0.2,8,100,0.3793066057353764,8,13
111,quickshift,0.2,8,1000,0.3570177902756614,8,13
112,quickshift,0.01,3,100,0.13549429221957343,62,14
113,quickshift,0.01,3,1000,0.14874896919742497,62,14
114,quickshift,0.01,8,100,0.5534291238018707,8,14
115,quickshift,0.01,8,1000,0.5571359617492693,8,14
116,quickshift,0.2,3,100,0.15723139812031184,73,14
117,quickshift,0.2,3,1000,0.15556479101035314,73,14
118,quickshift,0.2,8,100,0.5451792894698206,9,14
119,quickshift,0.2,8,1000,0.5211188346818361,9,14
120,quickshift,0.01,3,100,0.14622594182696758,75,15
121,quickshift,0.01,3,1000,0.15987684418670434,75,15
122,quickshift,0.01,8,100,0.4482356255543106,10,15
123,quickshift,0.01,8,1000,0.4216196281550231,10,15
124,quickshift,0.2,3,100,0.17044965412929158,80,15
125,quickshift,0.2,3,1000,0.1648209622985517,80,15
126,quickshift,0.2,8,100,0.3365190283971766,11,15
127,quickshift,0.2,8,1000,0.3374193357088091,11,15
128,quickshift,0.01,3,100,0.43307880420553635,65,16
129,quickshift,0.01,3,1000,0.4140799287727808,65,16
130,quickshift,0.01,8,100,0.9998752101795728,4,16
131,quickshift,0.01,8,1000,0.9998591885440415,4,16
132,quickshift,0.2,3,100,0.3510151542117562,71,16
133,quickshift,0.2,3,1000,0.3536250235349554,71,16
134,quickshift,0.2,8,100,0.8956872657044804,5,16
135,quickshift,0.2,8,1000,0.9179348593023282,5,16
136,quickshift,0.01,3,100,0.12987808502803444,69,17
137,quickshift,0.01,3,1000,0.122684393338516,69,17
138,quickshift,0.01,8,100,0.1704158213010959,13,17
139,quickshift,0.01,8,1000,0.1506546637078532,13,17
140,quickshift,0.2,3,100,0.12981442229986773,72,17
141,quickshift,0.2,3,1000,0.1316128759476901,72,17
142,quickshift,0.2,8,100,0.18572059444717082,13,17
143,quickshift,0.2,8,1000,0.18461721999180591,13,17
144,quickshift,0.01,3,100,0.37049518541757975,72,18
145,quickshift,0.01,3,1000,0.3693505182988994,72,18
146,quickshift,0.01,8,100,0.6121862069313011,9,18
147,quickshift,0.01,8,1000,0.6276128701868562,9,18
148,quickshift,0.2,3,100,0.39637134292544063,70,18
149,quickshift,0.2,3,1000,0.427878439400305,70,18
150,quickshift,0.2,8,100,0.5997803773263503,10,18
151,quickshift,0.2,8,1000,0.5780933781484638,10,18
152,quickshift,0.01,3,100,0.12035861553162276,66,19
153,quickshift,0.01,3,1000,0.12017562237687329,66,19
154,quickshift,0.01,8,100,0.5212390190685436,9,19
155,quickshift,0.01,8,1000,0.4783647994897402,9,19
156,quickshift,0.2,3,100,0.11153737956179588,65,19
157,quickshift,0.2,3,1000,0.11491211752748688,65,19
158,quickshift,0.2,8,100,0.4681493429516729,10,19
159,quickshift,0.2,8,1000,0.47929212747433425,10,19
160,quickshift,0.01,3,100,0.2134097479031385,69,20
161,quickshift,0.01,3,1000,0.19391895119879632,69,20
162,quickshift,0.01,8,100,0.11967948175011765,10,20
163,quickshift,0.01,8,1000,0.11280128136957578,10,20
164,quickshift,0.2,3,100,0.2001146295655557,72,20
165,quickshift,0.2,3,1000,0.1843306549199668,72,20
166,quickshift,0.2,8,100,0.10397450052781088,10,20
167,quickshift,0.2,8,1000,0.101750641263614,10,20
168,quickshift,0.01,3,100,0.5671129587486265,57,21
169,quickshift,0.01,3,1000,0.55646990355996,57,21
170,quickshift,0.01,8,100,0.6209392868634435,12,21
171,quickshift,0.01,8,1000,0.6241804853452859,12,21
172,quickshift,0.2,3,100,0.5916636634411232,59,21
173,quickshift,0.2,3,1000,0.56506242841865,59,21
174,quickshift,0.2,8,100,0.7150050226400254,12,21
175,quickshift,0.2,8,1000,0.716915406268116,12,21
176,quickshift,0.01,3,100,0.11498965482931855,62,22
177,quickshift,0.01,3,1000,0.11644895711473291,62,22
178,quickshift,0.01,8,100,0.3984194998953723,8,22
179,quickshift,0.01,8,1000,0.41789005978666227,8,22
180,quickshift,0.2,3,100,0.1282561688909294,64,22
181,quickshift,0.2,3,1000,0.1253826311177585,64,22
182,quickshift,0.2,8,100,0.24784879665762471,9,22
183,quickshift,0.2,8,1000,0.2451226903524345,9,22
184,quickshift,0.01,3,100,0.6439389001613273,65,23
185,quickshift,0.01,3,1000,0.6514052294946877,65,23
186,quickshift,0.01,8,100,0.7187195662429321,11,23
187,quickshift,0.01,8,1000,0.7324287092509854,11,23
188,quickshift,0.2,3,100,0.5678402893332657,68,23
189,quickshift,0.2,3,1000,0.5068361405616053,68,23
190,quickshift,0.2,8,100,0.825446685981118,11,23
191,quickshift,0.2,8,1000,0.7934431391136343,11,23
192,quickshift,0.01,3,100,0.15364455623804518,76,24
193,quickshift,0.01,3,1000,0.13471867947741123,76,24
194,quickshift,0.01,8,100,0.0952884898140305,10,24
195,quickshift,0.01,8,1000,0.11057344820432448,10,24
196,quickshift,0.2,3,100,0.15263457214906628,80,24
197,quickshift,0.2,3,1000,0.14894242936019075,80,24
198,quickshift,0.2,8,100,0.10493936901817058,10,24
199,quickshift,0.2,8,1000,0.09538823231440163,10,24
200,quickshift,0.01,3,100,0.11763535890514765,65,25
201,quickshift,0.01,3,1000,0.11534774136557314,65,25
202,quickshift,0.01,8,100,0.5967196858015988,8,25
203,quickshift,0.01,8,1000,0.622219474044636,8,25
204,quickshift,0.2,3,100,0.11768599091432475,64,25
205,quickshift,0.2,3,1000,0.1214373997767898,64,25
206,quickshift,0.2,8,100,0.562208100118339,9,25
207,quickshift,0.2,8,1000,0.5057524671764866,9,25
208,quickshift,0.01,3,100,0.47546641124985256,71,26
209,quickshift,0.01,3,1000,0.4930547803504647,71,26
210,quickshift,0.01,8,100,0.31106644987231924,10,26
211,quickshift,0.01,8,1000,0.3208687778928303,10,26
212,quickshift,0.2,3,100,0.4152135989096132,81,26
213,quickshift,0.2,3,1000,0.43649460621529246,81,26
214,quickshift,0.2,8,100,0.30429212289212104,11,26
215,quickshift,0.2,8,1000,0.2624380934847458,11,26
216,quickshift,0.01,3,100,0.19368223877197877,73,27
217,quickshift,0.01,3,1000,0.20201160205245697,73,27
218,quickshift,0.01,8,100,0.5755007647846608,8,27
219,quickshift,0.01,8,1000,0.5194404875249984,8,27
220,quickshift,0.2,3,100,0.1873623163105015,80,27
221,quickshift,0.2,3,1000,0.1669662303922913,80,27
222,quickshift,0.2,8,100,0.5065049255485616,10,27
223,quickshift,0.2,8,1000,0.5363098413635783,10,27
224,quickshift,0.01,3,100,0.12541582204551638,68,28
225,quickshift,0.01,3,1000,0.11210610740224124,68,28
226,quickshift,0.01,8,100,0.09320704493186782,10,28
227,quickshift,0.01,8,1000,0.09879346725903748,10,28
228,quickshift,0.2,3,100,0.12072356046809961,67,28
229,quickshift,0.2,3,1000,0.12420084005604226,67,28
230,quickshift,0.2,8,100,0.12814126729464748,11,28
231,quickshift,0.2,8,1000,0.11960302055209794,11,28
232,quickshift,0.01,3,100,0.15205902575643981,70,29
233,quickshift,0.01,3,1000,0.15706911999378437,70,29
234,quickshift,0.01,8,100,0.23623400130452443,14,29
235,quickshift,0.01,8,1000,0.21050268738586753,14,29
236,quickshift,0.2,3,100,0.13312970161249515,73,29
237,quickshift,0.2,3,1000,0.15518272895716656,73,29
238,quickshift,0.2,8,100,0.19040168102847765,14,29
239,quickshift,0.2,8,1000,0.24179996827219696,14,29
240,quickshift,0.01,3,100,0.1450829208452119,74,30
241,quickshift,0.01,3,1000,0.13792220899728858,74,30
242,quickshift,0.01,8,100,0.37292933510287674,9,30
243,quickshift,0.01,8,1000,0.3479949442305642,9,30
244,quickshift,0.2,3,100,0.16043156557627336,76,30
245,quickshift,0.2,3,1000,0.15732889854181176,76,30
246,quickshift,0.2,8,100,0.22248889721110998,11,30
247,quickshift,0.2,8,1000,0.28544461103453067,11,30
248,quickshift,0.01,3,100,0.2262906123980004,62,31
249,quickshift,0.01,3,1000,0.2736518249645351,62,31
250,quickshift,0.01,8,100,0.3715648888907702,9,31
251,quickshift,0.01,8,1000,0.39214339774038387,9,31
252,quickshift,0.2,3,100,0.30135856327112465,67,31
253,quickshift,0.2,3,1000,0.2708535561256371,67,31
254,quickshift,0.2,8,100,0.283093970475665,9,31
255,quickshift,0.2,8,1000,0.33947446225062694,9,31
256,quickshift,0.01,3,100,0.1262668194084089,67,32
257,quickshift,0.01,3,1000,0.13237314467563377,67,32
258,quickshift,0.01,8,100,0.5788975602298665,7,32
259,quickshift,0.01,8,1000,0.5404768498117698,7,32
260,quickshift,0.2,3,100,0.14349692371180445,67,32
261,quickshift,0.2,3,1000,0.1519497550319523,67,32
262,quickshift,0.2,8,100,0.5155817352185812,7,32
263,quickshift,0.2,8,1000,0.48060540788553047,7,32
264,quickshift,0.01,3,100,0.11796268253635211,63,33
265,quickshift,0.01,3,1000,0.11461984872321329,63,33
266,quickshift,0.01,8,100,0.07731672624731345,9,33
267,quickshift,0.01,8,1000,0.07399004278403087,9,33
268,quickshift,0.2,3,100,0.11945651527635825,65,33
269,quickshift,0.2,3,1000,0.1169500926749455,65,33
270,quickshift,0.2,8,100,0.0797282405976606,9,33
271,quickshift,0.2,8,1000,0.07503728575166035,9,33
272,quickshift,0.01,3,100,0.11251371510756691,61,34
273,quickshift,0.01,3,1000,0.12695013990566362,61,34
274,quickshift,0.01,8,100,0.5022216186305352,11,34
275,quickshift,0.01,8,1000,0.5395457165707165,11,34
276,quickshift,0.2,3,100,0.13000367894708553,68,34
277,quickshift,0.2,3,1000,0.13219623826195703,68,34
278,quickshift,0.2,8,100,0.5033546087589862,12,34
279,quickshift,0.2,8,1000,0.4152511294840596,12,34
280,quickshift,0.01,3,100,0.12613537399529096,67,35
281,quickshift,0.01,3,1000,0.1211970426090988,67,35
282,quickshift,0.01,8,100,0.12261324236636684,11,35
283,quickshift,0.01,8,1000,0.09476969183227646,11,35
284,quickshift,0.2,3,100,0.12622476391129966,67,35
285,quickshift,0.2,3,1000,0.1197638384362768,67,35
286,quickshift,0.2,8,100,0.09486319979584569,12,35
287,quickshift,0.2,8,1000,0.07599115804304435,12,35
288,quickshift,0.01,3,100,0.18783757774789733,64,36
289,quickshift,0.01,3,1000,0.20790286526312374,64,36
290,quickshift,0.01,8,100,0.47074585040567707,8,36
291,quickshift,0.01,8,1000,0.49793714225397534,8,36
292,quickshift,0.2,3,100,0.26599512643752854,68,36
293,quickshift,0.2,3,1000,0.2728139589737051,68,36
294,quickshift,0.2,8,100,0.49517368941147605,10,36
295,quickshift,0.2,8,1000,0.5026602792225785,10,36
296,quickshift,0.01,3,100,0.3343754152476408,71,37
297,quickshift,0.01,3,1000,0.34291649046867867,71,37
298,quickshift,0.01,8,100,0.9084605306483912,11,37
299,quickshift,0.01,8,1000,0.9191692790575067,11,37
300,quickshift,0.2,3,100,0.36821894594376525,75,37
301,quickshift,0.2,3,1000,0.33217508901442905,75,37
302,quickshift,0.2,8,100,0.9977728766856467,10,37
303,quickshift,0.2,8,1000,0.9935072907430805,10,37
304,quickshift,0.01,3,100,0.2145680680735813,53,38
305,quickshift,0.01,3,1000,0.16995592231647239,53,38
306,quickshift,0.01,8,100,0.6307708918439221,10,38
307,quickshift,0.01,8,1000,0.6231193580758629,10,38
308,quickshift,0.2,3,100,0.21441717572892238,55,38
309,quickshift,0.2,3,1000,0.20837649496683142,55,38
310,quickshift,0.2,8,100,0.5977964536958451,10,38
311,quickshift,0.2,8,1000,0.5868612023390802,10,38
312,quickshift,0.01,3,100,0.19884003976975195,71,39
313,quickshift,0.01,3,1000,0.19101266658317662,71,39
314,quickshift,0.01,8,100,0.3927157591388625,6,39
315,quickshift,0.01,8,1000,0.39762183656317895,6,39
316,quickshift,0.2,3,100,0.1633977233840488,73,39
317,quickshift,0.2,3,1000,0.15952399997010636,73,39
318,quickshift,0.2,8,100,0.39167142142618105,7,39
319,quickshift,0.2,8,1000,0.36074184499644235,7,39
320,quickshift,0.01,3,100,0.12458907281747111,71,40
321,quickshift,0.01,3,1000,0.1375733467632052,71,40
322,quickshift,0.01,8,100,0.5401463766186302,9,40
323,quickshift,0.01,8,1000,0.49382337023684714,9,40
324,quickshift,0.2,3,100,0.13530401087588817,76,40
325,quickshift,0.2,3,1000,0.13442651262082717,76,40
326,quickshift,0.2,8,100,0.4483160023307184,10,40
327,quickshift,0.2,8,1000,0.52254210451979,10,40
328,quickshift,0.01,3,100,0.14135099730127576,70,41
329,quickshift,0.01,3,1000,0.1397499526029512,70,41
330,quickshift,0.01,8,100,0.6265619186913023,9,41
331,quickshift,0.01,8,1000,0.6299964528338302,9,41
332,quickshift,0.2,3,100,0.1409237939830673,69,41
333,quickshift,0.2,3,1000,0.15291202936109416,69,41
334,quickshift,0.2,8,100,0.5622866573630746,9,41
335,quickshift,0.2,8,1000,0.5965967367023793,9,41
336,quickshift,0.01,3,100,0.15234140803633867,81,42
337,quickshift,0.01,3,1000,0.13564821733229138,81,42
338,quickshift,0.01,8,100,0.609330577817999,8,42
339,quickshift,0.01,8,1000,0.6276984078020029,8,42
340,quickshift,0.2,3,100,0.19005901020273375,84,42
341,quickshift,0.2,3,1000,0.1593052151063158,84,42
342,quickshift,0.2,8,100,0.4635665271716367,9,42
343,quickshift,0.2,8,1000,0.4783527845069563,9,42
344,quickshift,0.01,3,100,0.600075334533443,51,43
345,quickshift,0.01,3,1000,0.5979091580172551,51,43
346,quickshift,0.01,8,100,0.6252550432735351,10,43
347,quickshift,0.01,8,1000,0.6181724406366841,10,43
348,quickshift,0.2,3,100,0.5677493935810574,53,43
349,quickshift,0.2,3,1000,0.585271497840748,53,43
350,quickshift,0.2,8,100,0.7039716346644019,10,43
351,quickshift,0.2,8,1000,0.7077820493723024,10,43
352,quickshift,0.01,3,100,0.21885667638052653,58,44
353,quickshift,0.01,3,1000,0.23526825220588687,58,44
354,quickshift,0.01,8,100,0.448865314864443,5,44
355,quickshift,0.01,8,1000,0.4274010479862519,5,44
356,quickshift,0.2,3,100,0.28163772310957935,54,44
357,quickshift,0.2,3,1000,0.3374376623270051,54,44
358,quickshift,0.2,8,100,0.7455541223454274,6,44
359,quickshift,0.2,8,1000,0.741600413006386,6,44
360,quickshift,0.01,3,100,0.13461536963540321,74,45
361,quickshift,0.01,3,1000,0.13379193745007634,74,45
362,quickshift,0.01,8,100,0.16892513454831093,10,45
363,quickshift,0.01,8,1000,0.2023276785286665,10,45
364,quickshift,0.2,3,100,0.14199281600975677,78,45
365,quickshift,0.2,3,1000,0.15640987604524714,78,45
366,quickshift,0.2,8,100,0.2297060426290798,10,45
367,quickshift,0.2,8,1000,0.22352122546083164,10,45
368,quickshift,0.01,3,100,0.1672807590742449,59,46
369,quickshift,0.01,3,1000,0.18073556097097598,59,46
370,quickshift,0.01,8,100,0.7473522142025044,6,46
371,quickshift,0.01,8,1000,0.7444815199758603,6,46
372,quickshift,0.2,3,100,0.17198667140751556,63,46
373,quickshift,0.2,3,1000,0.1828128435152009,63,46
374,quickshift,0.2,8,100,0.6850115818293535,9,46
375,quickshift,0.2,8,1000,0.6764801422490263,9,46
376,quickshift,0.01,3,100,0.17333886024136647,51,47
377,quickshift,0.01,3,1000,0.17038688419903691,51,47
378,quickshift,0.01,8,100,0.32052038462379406,8,47
379,quickshift,0.01,8,1000,0.2794476740733619,8,47
380,quickshift,0.2,3,100,0.18476462116227413,51,47
381,quickshift,0.2,3,1000,0.24095992632894417,51,47
382,quickshift,0.2,8,100,0.47028311147302154,8,47
383,quickshift,0.2,8,1000,0.4767385507941156,8,47
384,quickshift,0.01,3,100,0.21539984836650528,69,48
385,quickshift,0.01,3,1000,0.21496629836035183,69,48
386,quickshift,0.01,8,100,0.6916611932302377,11,48
387,quickshift,0.01,8,1000,0.7070677211485109,11,48
388,quickshift,0.2,3,100,0.19575235121191292,76,48
389,quickshift,0.2,3,1000,0.2085421066270673,76,48
390,quickshift,0.2,8,100,0.6382536114038466,11,48
391,quickshift,0.2,8,1000,0.6469939016852597,11,48
392,quickshift,0.01,3,100,0.16117919310533357,57,49
393,quickshift,0.01,3,1000,0.15376560187826338,57,49
394,quickshift,0.01,8,100,0.6473475092226113,9,49
395,quickshift,0.01,8,1000,0.6561034392972859,9,49
396,quickshift,0.2,3,100,0.19550212744895212,62,49
397,quickshift,0.2,3,1000,0.1898776901363708,62,49
398,quickshift,0.2,8,100,0.6043018655342439,9,49
399,quickshift,0.2,8,1000,0.6006815451792106,9,49
400,quickshift,0.01,3,100,0.13129180350086211,49,50
401,quickshift,0.01,3,1000,0.10387349829842907,49,50
402,quickshift,0.01,8,100,0.19789335992765134,9,50
403,quickshift,0.01,8,1000,0.22065299079451828,9,50
404,quickshift,0.2,3,100,0.14991588885316198,52,50
405,quickshift,0.2,3,1000,0.11303439997916509,52,50
406,quickshift,0.2,8,100,0.16550739574305473,9,50
407,quickshift,0.2,8,1000,0.15590965809242208,9,50
408,quickshift,0.01,3,100,0.1455712923564585,79,51
409,quickshift,0.01,3,1000,0.14614732052530788,79,51
410,quickshift,0.01,8,100,0.06078983129793703,11,51
411,quickshift,0.01,8,1000,0.08374288212783965,11,51
412,quickshift,0.2,3,100,0.1552530375384159,82,51
413,quickshift,0.2,3,1000,0.1562013833252618,82,51
414,quickshift,0.2,8,100,0.12267759693227952,11,51
415,quickshift,0.2,8,1000,0.12417516912967863,11,51
416,quickshift,0.01,3,100,0.2001574370239536,57,52
417,quickshift,0.01,3,1000,0.19434219368888828,57,52
418,quickshift,0.01,8,100,0.5126321495432398,8,52
419,quickshift,0.01,8,1000,0.5355338156247217,8,52
420,quickshift,0.2,3,100,0.3587160648609684,60,52
421,quickshift,0.2,3,1000,0.3339720396840701,60,52
422,quickshift,0.2,8,100,0.5759764345555801,10,52
423,quickshift,0.2,8,1000,0.564869762053575,10,52
424,quickshift,0.01,3,100,0.11626849804743512,63,53
425,quickshift,0.01,3,1000,0.14725770676238858,63,53
426,quickshift,0.01,8,100,0.5478459503955084,6,53
427,quickshift,0.01,8,1000,0.5343234591567886,6,53
428,quickshift,0.2,3,100,0.13076940002802317,60,53
429,quickshift,0.2,3,1000,0.11528610424626927,60,53
430,quickshift,0.2,8,100,0.46479377148708784,6,53
431,quickshift,0.2,8,1000,0.4550177174403165,6,53
432,quickshift,0.01,3,100,0.1856213361198665,57,54
433,quickshift,0.01,3,1000,0.19792953805559887,57,54
434,quickshift,0.01,8,100,0.31328050016583275,10,54
435,quickshift,0.01,8,1000,0.32003801460843473,10,54
436,quickshift,0.2,3,100,0.19268749038653654,60,54
437,quickshift,0.2,3,1000,0.1632309657987211,60,54
438,quickshift,0.2,8,100,0.2003195858238015,10,54
439,quickshift,0.2,8,1000,0.2242483832407942,10,54
440,quickshift,0.01,3,100,0.13315890078504355,70,55
441,quickshift,0.01,3,1000,0.1270883964826227,70,55
442,quickshift,0.01,8,100,0.07813096551482446,9,55
443,quickshift,0.01,8,1000,0.10137790010087278,9,55
444,quickshift,0.2,3,100,0.13333178625405218,73,55
445,quickshift,0.2,3,1000,0.13455244152832602,73,55
446,quickshift,0.2,8,100,0.11333251400276068,10,55
447,quickshift,0.2,8,1000,0.07372206874668374,10,55
448,quickshift,0.01,3,100,0.12835178623846977,74,56
449,quickshift,0.01,3,1000,0.1433072760934453,74,56
450,quickshift,0.01,8,100,0.10786793480720201,9,56
451,quickshift,0.01,8,1000,0.11329092841057165,9,56
452,quickshift,0.2,3,100,0.08996347037031338,74,56
453,quickshift,0.2,3,1000,0.13571836699071704,74,56
454,quickshift,0.2,8,100,0.10194806851464644,10,56
455,quickshift,0.2,8,1000,0.11382280360065755,10,56
456,quickshift,0.01,3,100,0.1781783254758288,62,57
457,quickshift,0.01,3,1000,0.19725830014195878,62,57
458,quickshift,0.01,8,100,0.7977616842650167,10,57
459,quickshift,0.01,8,1000,0.7982134173144917,10,57
460,quickshift,0.2,3,100,0.22004040639786826,65,57
461,quickshift,0.2,3,1000,0.19249859114167867,65,57
462,quickshift,0.2,8,100,0.6250702502363341,11,57
463,quickshift,0.2,8,1000,0.6647192734343615,11,57
464,quickshift,0.01,3,100,0.12363372906617842,62,58
465,quickshift,0.01,3,1000,0.12310747276248057,62,58
466,quickshift,0.01,8,100,0.5286722530739674,9,58
467,quickshift,0.01,8,1000,0.5753258769940433,9,58
468,quickshift,0.2,3,100,0.1326146732027701,66,58
469,quickshift,0.2,3,1000,0.12977520176505675,66,58
470,quickshift,0.2,8,100,0.3904403874268126,9,58
471,quickshift,0.2,8,1000,0.4174190345750441,9,58
472,quickshift,0.01,3,100,0.11437911924841071,65,59
473,quickshift,0.01,3,1000,0.11800149460282439,65,59
474,quickshift,0.01,8,100,0.1283677310004564,7,59
475,quickshift,0.01,8,1000,0.18709011043039203,7,59
476,quickshift,0.2,3,100,0.13939246483966616,77,59
477,quickshift,0.2,3,1000,0.14717178906729156,77,59
478,quickshift,0.2,8,100,0.1794666509580941,9,59
479,quickshift,0.2,8,1000,0.1135971115747474,9,59
480,quickshift,0.01,3,100,0.15828662257449633,66,60
481,quickshift,0.01,3,1000,0.13117322975774315,66,60
482,quickshift,0.01,8,100,0.38851261574968543,9,60
483,quickshift,0.01,8,1000,0.3832516497044967,9,60
484,quickshift,0.2,3,100,0.11518444971316466,70,60
485,quickshift,0.2,3,1000,0.14118024133712703,70,60
486,quickshift,0.2,8,100,0.41848960782902533,8,60
487,quickshift,0.2,8,1000,0.43747176436547797,8,60
488,quickshift,0.01,3,100,0.10900156823884588,53,61
489,quickshift,0.01,3,1000,0.09845410417726863,53,61
490,quickshift,0.01,8,100,0.07947301233384119,9,61
491,quickshift,0.01,8,1000,0.11566300378310192,9,61
492,quickshift,0.2,3,100,0.09955491383972136,54,61
493,quickshift,0.2,3,1000,0.07722898060173555,54,61
494,quickshift,0.2,8,100,0.09079492926020527,10,61
495,quickshift,0.2,8,1000,0.10187433720462546,10,61
496,quickshift,0.01,3,100,0.6417386127213507,57,62
497,quickshift,0.01,3,1000,0.6490850440756404,57,62
498,quickshift,0.01,8,100,0.9995776404518446,7,62
499,quickshift,0.01,8,1000,0.9996436658705963,7,62
500,quickshift,0.2,3,100,0.6683546660139005,56,62
501,quickshift,0.2,3,1000,0.61571929778396,56,62
502,quickshift,0.2,8,100,0.9833201158247853,7,62
503,quickshift,0.2,8,1000,0.9907757930852852,7,62
504,quickshift,0.01,3,100,0.27514696876992206,64,63
505,quickshift,0.01,3,1000,0.332713212637027,64,63
506,quickshift,0.01,8,100,0.8735868600833461,10,63
507,quickshift,0.01,8,1000,0.8746013922682756,10,63
508,quickshift,0.2,3,100,0.29968519614827727,59,63
509,quickshift,0.2,3,1000,0.317139989775714,59,63
510,quickshift,0.2,8,100,0.7560911277417373,10,63
511,quickshift,0.2,8,1000,0.7526225533952035,10,63
512,quickshift,0.01,3,100,0.16764656524409483,69,64
513,quickshift,0.01,3,1000,0.1732694427490714,69,64
514,quickshift,0.01,8,100,0.09755549693316379,10,64
515,quickshift,0.01,8,1000,0.097100883085939,10,64
516,quickshift,0.2,3,100,0.13379445597744577,67,64
517,quickshift,0.2,3,1000,0.13368350328865175,67,64
518,quickshift,0.2,8,100,0.06980745495085539,12,64
519,quickshift,0.2,8,1000,0.10335790852825022,12,64
520,quickshift,0.01,3,100,0.31111573999910436,50,65
521,quickshift,0.01,3,1000,0.32022375561778194,50,65
522,quickshift,0.01,8,100,0.7392018846186947,9,65
523,quickshift,0.01,8,1000,0.7656824619413052,9,65
524,quickshift,0.2,3,100,0.4190438137762412,53,65
525,quickshift,0.2,3,1000,0.3856144826299757,53,65
526,quickshift,0.2,8,100,0.7775115464052593,9,65
527,quickshift,0.2,8,1000,0.7591703478646064,9,65
528,quickshift,0.01,3,100,0.1129213460119227,63,66
529,quickshift,0.01,3,1000,0.1095188284365628,63,66
530,quickshift,0.01,8,100,0.0644648171269161,12,66
531,quickshift,0.01,8,1000,0.07121610163087733,12,66
532,quickshift,0.2,3,100,0.1338843068385066,72,66
533,quickshift,0.2,3,1000,0.12251355802051357,72,66
534,quickshift,0.2,8,100,0.0697528103686309,12,66
535,quickshift,0.2,8,1000,0.05289303431617809,12,66
536,quickshift,0.01,3,100,0.12388183417553156,70,67
537,quickshift,0.01,3,1000,0.1297627584144424,70,67
538,quickshift,0.01,8,100,0.14289517067416757,11,67
539,quickshift,0.01,8,1000,0.15650980941810266,11,67
540,quickshift,0.2,3,100,0.13302575471717348,73,67
541,quickshift,0.2,3,1000,0.13489585628178036,73,67
542,quickshift,0.2,8,100,0.20244777583337403,10,67
543,quickshift,0.2,8,1000,0.2753621455117322,10,67
544,quickshift,0.01,3,100,0.46902752633604816,60,68
545,quickshift,0.01,3,1000,0.44206155735357944,60,68
546,quickshift,0.01,8,100,0.8881913813548008,11,68
547,quickshift,0.01,8,1000,0.8788462590708107,11,68
548,quickshift,0.2,3,100,0.40449393040119636,64,68
549,quickshift,0.2,3,1000,0.3930766627011856,64,68
550,quickshift,0.2,8,100,0.7214673668728047,11,68
551,quickshift,0.2,8,1000,0.6920478152690636,11,68
552,quickshift,0.01,3,100,0.1201611788678021,64,69
553,quickshift,0.01,3,1000,0.12349920525194502,64,69
554,quickshift,0.01,8,100,0.37126980896773865,8,69
555,quickshift,0.01,8,1000,0.379688176073568,8,69
556,quickshift,0.2,3,100,0.1283012131999265,68,69
557,quickshift,0.2,3,1000,0.13360082357411152,68,69
558,quickshift,0.2,8,100,0.33605123590962294,9,69
559,quickshift,0.2,8,1000,0.4122792374711177,9,69
560,quickshift,0.01,3,100,0.11359974275806538,58,70
561,quickshift,0.01,3,1000,0.11720214654110227,58,70
562,quickshift,0.01,8,100,0.08740148596970321,7,70
563,quickshift,0.01,8,1000,0.11097080922745882,7,70
564,quickshift,0.2,3,100,0.10503603583736376,58,70
565,quickshift,0.2,3,1000,0.11153461747978799,58,70
566,quickshift,0.2,8,100,0.1040160908068153,7,70
567,quickshift,0.2,8,1000,0.08015359449138637,7,70
568,quickshift,0.01,3,100,0.09426435178588788,44,71
569,quickshift,0.01,3,1000,0.08892073573164794,44,71
570,quickshift,0.01,8,100,0.4033310695672614,5,71
571,quickshift,0.01,8,1000,0.350564114605983,5,71
572,quickshift,0.2,3,100,0.13349516115012727,60,71
573,quickshift,0.2,3,1000,0.1290379520826529,60,71
574,quickshift,0.2,8,100,0.17716190645170726,7,71
575,quickshift,0.2,8,1000,0.21164444484547573,7,71
576,quickshift,0.01,3,100,0.20946116313692664,76,72
577,quickshift,0.01,3,1000,0.18492443109399692,76,72
578,quickshift,0.01,8,100,0.6091726048771771,8,72
579,quickshift,0.01,8,1000,0.6416340108052095,8,72
580,quickshift,0.2,3,100,0.20520779797357272,83,72
581,quickshift,0.2,3,1000,0.2153930825520104,83,72
582,quickshift,0.2,8,100,0.5916191226900415,8,72
583,quickshift,0.2,8,1000,0.584821299939926,8,72
584,quickshift,0.01,3,100,0.3034479649047872,82,73
585,quickshift,0.01,3,1000,0.3311012380903188,82,73
586,quickshift,0.01,8,100,0.2455805013726735,11,73
587,quickshift,0.01,8,1000,0.22571633084612774,11,73
588,quickshift,0.2,3,100,0.5234574278627039,87,73
589,quickshift,0.2,3,1000,0.5042034182652706,87,73
590,quickshift,0.2,8,100,0.40733733862908295,10,73
591,quickshift,0.2,8,1000,0.4184209684607627,10,73
592,quickshift,0.01,3,100,0.10456948596111815,56,74
593,quickshift,0.01,3,1000,0.10248576589250669,56,74
594,quickshift,0.01,8,100,0.5721967453361059,8,74
595,quickshift,0.01,8,1000,0.5346809225199071,8,74
596,quickshift,0.2,3,100,0.11838087759960814,60,74
597,quickshift,0.2,3,1000,0.11973709995791926,60,74
598,quickshift,0.2,8,100,0.35992848108399544,13,74
599,quickshift,0.2,8,1000,0.4076062558445269,13,74
600,quickshift,0.01,3,100,0.10062233751218208,52,75
601,quickshift,0.01,3,1000,0.10165031869945751,52,75
602,quickshift,0.01,8,100,0.6770934183798947,7,75
603,quickshift,0.01,8,1000,0.6568477912427425,7,75
604,quickshift,0.2,3,100,0.09892398657167223,55,75
605,quickshift,0.2,3,1000,0.10440743861473478,55,75
606,quickshift,0.2,8,100,0.7447586167818973,8,75
607,quickshift,0.2,8,1000,0.7522217636480627,8,75
608,quickshift,0.01,3,100,0.1334587112231037,73,76
609,quickshift,0.01,3,1000,0.1696532425651861,73,76
610,quickshift,0.01,8,100,0.5269598236952944,8,76
611,quickshift,0.01,8,1000,0.5358815766207712,8,76
612,quickshift,0.2,3,100,0.15205472638450135,66,76
613,quickshift,0.2,3,1000,0.15910799211141224,66,76
614,quickshift,0.2,8,100,0.6970533784822279,6,76
615,quickshift,0.2,8,1000,0.6553499036912551,6,76
616,quickshift,0.01,3,100,0.3695696379295704,61,77
617,quickshift,0.01,3,1000,0.3697071234688747,61,77
618,quickshift,0.01,8,100,0.6511911899602473,9,77
619,quickshift,0.01,8,1000,0.6558520207201559,9,77
620,quickshift,0.2,3,100,0.34438614534291045,60,77
621,quickshift,0.2,3,1000,0.31963203829154907,60,77
622,quickshift,0.2,8,100,0.775301326013904,9,77
623,quickshift,0.2,8,1000,0.8009221400751068,9,77
624,quickshift,0.01,3,100,0.21289640608061086,58,78
625,quickshift,0.01,3,1000,0.21149858702980062,58,78
626,quickshift,0.01,8,100,0.5961309803027959,12,78
627,quickshift,0.01,8,1000,0.6157749405399101,12,78
628,quickshift,0.2,3,100,0.2068218848827924,62,78
629,quickshift,0.2,3,1000,0.2236818871394304,62,78
630,quickshift,0.2,8,100,0.6180713405296294,13,78
631,quickshift,0.2,8,1000,0.6421142004665727,13,78
632,quickshift,0.01,3,100,0.21596818856350497,79,79
633,quickshift,0.01,3,1000,0.20775048449984246,79,79
634,quickshift,0.01,8,100,0.2802770301030325,10,79
635,quickshift,0.01,8,1000,0.2974751046561116,10,79
636,quickshift,0.2,3,100,0.18927638403685876,79,79
637,quickshift,0.2,3,1000,0.2393187901684417,79,79
638,quickshift,0.2,8,100,0.20552815715977835,11,79
639,quickshift,0.2,8,1000,0.21295723169577097,11,79
640,quickshift,0.01,3,100,0.1012381449549169,56,80
641,quickshift,0.01,3,1000,0.10461149995559527,56,80
642,quickshift,0.01,8,100,0.09214872294593224,15,80
643,quickshift,0.01,8,1000,0.07802613855943352,15,80
644,quickshift,0.2,3,100,0.0948710240572429,54,80
645,quickshift,0.2,3,1000,0.10322371458791091,54,80
646,quickshift,0.2,8,100,0.08408564432461496,15,80
647,quickshift,0.2,8,1000,0.06005977287033771,15,80
648,quickshift,0.01,3,100,0.5621221171143835,77,81
649,quickshift,0.01,3,1000,0.574979523723709,77,81
650,quickshift,0.01,8,100,0.5946256233530032,9,81
651,quickshift,0.01,8,1000,0.5834566334462706,9,81
652,quickshift,0.2,3,100,0.591753684146433,85,81
653,quickshift,0.2,3,1000,0.5899911093026624,85,81
654,quickshift,0.2,8,100,0.6459092796382955,11,81
655,quickshift,0.2,8,1000,0.6868691862288631,11,81
656,quickshift,0.01,3,100,0.13415756404979406,69,82
657,quickshift,0.01,3,1000,0.12652748774267386,69,82
658,quickshift,0.01,8,100,0.433448213551076,7,82
659,quickshift,0.01,8,1000,0.39039609944570675,7,82
660,quickshift,0.2,3,100,0.21780830984189514,64,82
661,quickshift,0.2,3,1000,0.1720878979900916,64,82
662,quickshift,0.2,8,100,0.6276609403769686,6,82
663,quickshift,0.2,8,1000,0.6094674684335472,6,82
664,quickshift,0.01,3,100,0.5255111088198983,62,83
665,quickshift,0.01,3,1000,0.48918701170980694,62,83
666,quickshift,0.01,8,100,0.5851528721186581,11,83
667,quickshift,0.01,8,1000,0.6079592564746813,11,83
668,quickshift,0.2,3,100,0.5993917240179082,65,83
669,quickshift,0.2,3,1000,0.5725520713577877,65,83
670,quickshift,0.2,8,100,0.7094979506272416,13,83
671,quickshift,0.2,8,1000,0.6994407189807939,13,83
672,quickshift,0.01,3,100,0.5044045410913666,62,84
673,quickshift,0.01,3,1000,0.45746522597493255,62,84
674,quickshift,0.01,8,100,0.77141707374126,8,84
675,quickshift,0.01,8,1000,0.7863342570432008,8,84
676,quickshift,0.2,3,100,0.4883557807922181,62,84
677,quickshift,0.2,3,1000,0.5313316670795973,62,84
678,quickshift,0.2,8,100,0.8845692621269482,9,84
679,quickshift,0.2,8,1000,0.8793912893072879,9,84
680,quickshift,0.01,3,100,0.2880600140244478,64,85
681,quickshift,0.01,3,1000,0.27009174880212705,64,85
682,quickshift,0.01,8,100,0.5562347251519053,11,85
683,quickshift,0.01,8,1000,0.5197229492764948,11,85
684,quickshift,0.2,3,100,0.22075939763603092,74,85
685,quickshift,0.2,3,1000,0.2518628536049987,74,85
686,quickshift,0.2,8,100,0.41498724964172523,11,85
687,quickshift,0.2,8,1000,0.43759738898288836,11,85
688,quickshift,0.01,3,100,0.13219500001280682,70,86
689,quickshift,0.01,3,1000,0.14032859460099412,70,86
690,quickshift,0.01,8,100,0.12435560463924977,11,86
691,quickshift,0.01,8,1000,0.1285158823218684,11,86
692,quickshift,0.2,3,100,0.13539856585286492,72,86
693,quickshift,0.2,3,1000,0.13694818918477547,72,86
694,quickshift,0.2,8,100,0.0955575175589305,11,86
695,quickshift,0.2,8,1000,0.11785618279813292,11,86
696,quickshift,0.01,3,100,0.31088225703145267,68,87
697,quickshift,0.01,3,1000,0.32803782016568694,68,87
698,quickshift,0.01,8,100,0.524103279050081,10,87
699,quickshift,0.01,8,1000,0.5101516221291243,10,87
700,quickshift,0.2,3,100,0.33513615382535555,74,87
701,quickshift,0.2,3,1000,0.30833728592881193,74,87
702,quickshift,0.2,8,100,0.5188201407936668,12,87
703,quickshift,0.2,8,1000,0.5812899189543885,12,87
704,quickshift,0.01,3,100,0.19882065076051403,60,88
705,quickshift,0.01,3,1000,0.19017862426122356,60,88
706,quickshift,0.01,8,100,0.352256612315942,7,88
707,quickshift,0.01,8,1000,0.3524789595934408,7,88
708,quickshift,0.2,3,100,0.22136409907012888,60,88
709,quickshift,0.2,3,1000,0.2711645925503311,60,88
710,quickshift,0.2,8,100,0.3194042481734267,8,88
711,quickshift,0.2,8,1000,0.3030725984384989,8,88
712,quickshift,0.01,3,100,0.42329886484697615,57,89
713,quickshift,0.01,3,1000,0.47515832406368963,57,89
714,quickshift,0.01,8,100,0.9339145363196389,6,89
715,quickshift,0.01,8,1000,0.937000578350505,6,89
716,quickshift,0.2,3,100,0.5070439933688098,55,89
717,quickshift,0.2,3,1000,0.4462347291896749,55,89
718,quickshift,0.2,8,100,0.928331987854079,7,89
719,quickshift,0.2,8,1000,0.9174632929684446,7,89
720,quickshift,0.01,3,100,0.11911911560599342,61,90
721,quickshift,0.01,3,1000,0.11365468457019345,61,90
722,quickshift,0.01,8,100,0.18518957643877954,10,90
723,quickshift,0.01,8,1000,0.128228741894987,10,90
724,quickshift,0.2,3,100,0.12825141880773294,68,90
725,quickshift,0.2,3,1000,0.13549840350718234,68,90
726,quickshift,0.2,8,100,0.1555834959377964,10,90
727,quickshift,0.2,8,1000,0.15895630334416633,10,90
728,quickshift,0.01,3,100,0.15518947039703812,63,91
729,quickshift,0.01,3,1000,0.12968136038673228,63,91
730,quickshift,0.01,8,100,0.3860217239810157,12,91
731,quickshift,0.01,8,1000,0.3956289049954521,12,91
732,quickshift,0.2,3,100,0.1919939915082326,61,91
733,quickshift,0.2,3,1000,0.17040979482045848,61,91
734,quickshift,0.2,8,100,0.48149069531232547,11,91
735,quickshift,0.2,8,1000,0.48147138257966354,11,91
736,quickshift,0.01,3,100,0.24881620987579045,59,92
737,quickshift,0.01,3,1000,0.26479971607902963,59,92
738,quickshift,0.01,8,100,0.26855301663337106,11,92
739,quickshift,0.01,8,1000,0.27121130812813443,11,92
740,quickshift,0.2,3,100,0.24297189726435942,63,92
741,quickshift,0.2,3,1000,0.2719213404158414,63,92
742,quickshift,0.2,8,100,0.3224950462667515,11,92
743,quickshift,0.2,8,1000,0.34422249736076793,11,92
744,quickshift,0.01,3,100,0.6712594750103418,63,93
745,quickshift,0.01,3,1000,0.6661263040972756,63,93
746,quickshift,0.01,8,100,0.5851097393651714,8,93
747,quickshift,0.01,8,1000,0.5654800948074538,8,93
748,quickshift,0.2,3,100,0.7175087024225903,66,93
749,quickshift,0.2,3,1000,0.6989377595136617,66,93
750,quickshift,0.2,8,100,0.6416692997877714,8,93
751,quickshift,0.2,8,1000,0.6301037064474078,8,93
752,quickshift,0.01,3,100,0.3480956614829088,65,94
753,quickshift,0.01,3,1000,0.34543690881902,65,94
754,quickshift,0.01,8,100,0.6057785593823497,9,94
755,quickshift,0.01,8,1000,0.6237426144858529,9,94
756,quickshift,0.2,3,100,0.35126489576086906,67,94
757,quickshift,0.2,3,1000,0.3703197529578328,67,94
758,quickshift,0.2,8,100,0.6097137882726223,9,94
759,quickshift,0.2,8,1000,0.6225134055088489,9,94
760,quickshift,0.01,3,100,0.1354440821946432,64,95
761,quickshift,0.01,3,1000,0.10907839033515143,64,95
762,quickshift,0.01,8,100,0.2238467166064325,8,95
763,quickshift,0.01,8,1000,0.2235416329249762,8,95
764,quickshift,0.2,3,100,0.12712380727323935,68,95
765,quickshift,0.2,3,1000,0.12709322133171652,68,95
766,quickshift,0.2,8,100,0.09656773162879251,10,95
767,quickshift,0.2,8,1000,0.11550661898654635,10,95
768,quickshift,0.01,3,100,0.11986985448216114,65,96
769,quickshift,0.01,3,1000,0.11169636780651582,65,96
770,quickshift,0.01,8,100,0.07154888834797912,9,96
771,quickshift,0.01,8,1000,0.12257751337432564,9,96
772,quickshift,0.2,3,100,0.12384944765566253,69,96
773,quickshift,0.2,3,1000,0.13337357943611583,69,96
774,quickshift,0.2,8,100,0.056089254821103385,9,96
775,quickshift,0.2,8,1000,0.0669079003031845,9,96
776,quickshift,0.01,3,100,0.1267070961974942,64,97
777,quickshift,0.01,3,1000,0.11583972329679904,64,97
778,quickshift,0.01,8,100,0.08754510187837805,10,97
779,quickshift,0.01,8,1000,0.09021542678962567,10,97
780,quickshift,0.2,3,100,0.14270040116294036,71,97
781,quickshift,0.2,3,1000,0.16373122106365734,71,97
782,quickshift,0.2,8,100,0.12384721517418362,10,97
783,quickshift,0.2,8,1000,0.1047899718234444,10,97
784,quickshift,0.01,3,100,0.14683280425643275,73,98
785,quickshift,0.01,3,1000,0.12577841113536192,73,98
786,quickshift,0.01,8,100,0.17054484029523953,10,98
787,quickshift,0.01,8,1000,0.17285031392884131,10,98
788,quickshift,0.2,3,100,0.1383150514727577,73,98
789,quickshift,0.2,3,1000,0.13534979281714077,73,98
790,quickshift,0.2,8,100,0.0849114682769243,12,98
791,quickshift,0.2,8,1000,0.1271257183989516,12,98
792,quickshift,0.01,3,100,0.12459074628370359,64,99
793,quickshift,0.01,3,1000,0.1058054152871376,64,99
794,quickshift,0.01,8,100,0.07991355393713073,9,99
795,quickshift,0.01,8,1000,0.06380394894449182,9,99
796,quickshift,0.2,3,100,0.12166921537701736,64,99
797,quickshift,0.2,3,1000,0.12521404279451742,64,99
798,quickshift,0.2,8,100,0.12167613602118021,9,99
799,quickshift,0.2,8,1000,0.10109620188548674,9,99
