,name,compactness,n_segments,fidelity,n_segs,img_num
0,slic,0.1,10,0.9992155794708105,2,0
1,slic,1.0,10,0.9992924093981451,2,0
2,slic,10.0,10,0.35464414655751025,6,0
3,slic,0.1,40,0.9137299352879444,7,0
4,slic,1.0,40,0.9317052555586219,8,0
5,slic,10.0,40,0.3768528934026987,22,0
6,slic,0.1,10,0.9548242782067262,3,1
7,slic,1.0,10,0.9764009558339735,3,1
8,slic,10.0,10,0.8876131547655424,3,1
9,slic,0.1,40,0.9286372817793965,4,1
10,slic,1.0,40,0.9919289766248816,4,1
11,slic,10.0,40,0.5513921725247102,16,1
12,slic,0.1,10,0.9997916761012403,2,2
13,slic,1.0,10,0.9997912035788522,2,2
14,slic,10.0,10,0.6855157400437111,5,2
15,slic,0.1,40,0.14803614930977282,22,2
16,slic,1.0,40,0.170323668585744,22,2
17,slic,10.0,40,0.06556003362447305,28,2
18,slic,0.1,10,0.7496743537871238,3,3
19,slic,1.0,10,0.7503358569481812,3,3
20,slic,10.0,10,0.5357996078964278,4,3
21,slic,0.1,40,0.130579027867048,16,3
22,slic,1.0,40,0.17234138432899737,16,3
23,slic,10.0,40,0.05693970598610376,26,3
24,slic,0.1,10,0.7758221352975679,5,4
25,slic,1.0,10,0.9871481622002631,5,4
26,slic,10.0,10,0.6294728191272443,7,4
27,slic,0.1,40,0.3050969378034747,26,4
28,slic,1.0,40,0.4691155630135957,26,4
29,slic,10.0,40,0.3507357606879412,30,4
30,slic,0.1,10,0.6539418450973331,3,5
31,slic,1.0,10,0.6931613087167284,3,5
32,slic,10.0,10,0.7211697071265732,6,5
33,slic,0.1,40,0.6276764231207619,7,5
34,slic,1.0,40,0.6315959809973465,7,5
35,slic,10.0,40,0.2974291931511658,26,5
36,slic,0.1,10,0.3869839935696409,6,6
37,slic,1.0,10,0.5638596823061377,6,6
38,slic,10.0,10,0.8690629469149088,6,6
39,slic,0.1,40,0.27124757406935696,18,6
40,slic,1.0,40,0.27883324102903684,19,6
41,slic,10.0,40,0.17574011000444267,31,6
42,slic,0.1,10,0.2516135442820233,1,7
43,slic,1.0,10,0.27034871228675506,1,7
44,slic,10.0,10,0.6933169688382412,3,7
45,slic,0.1,40,0.15515072253340023,16,7
46,slic,1.0,40,0.06136946070833649,18,7
47,slic,10.0,40,0.06446296769771731,30,7
48,slic,0.1,10,0.812064214092178,4,8
49,slic,1.0,10,0.8259805260355793,4,8
50,slic,10.0,10,0.6041243544867851,7,8
51,slic,0.1,40,0.5154116078607109,18,8
52,slic,1.0,40,0.5137177334597869,18,8
53,slic,10.0,40,0.37753221685663285,28,8
54,slic,0.1,10,0.7022098400078399,5,9
55,slic,1.0,10,0.7022908425342568,5,9
56,slic,10.0,10,0.7682585944229443,7,9
57,slic,0.1,40,0.5346081686212072,16,9
58,slic,1.0,40,0.39640416167702075,16,9
59,slic,10.0,40,0.31891695564212785,30,9
60,slic,0.1,10,0.9999304751270862,6,10
61,slic,1.0,10,0.9999250468492618,6,10
62,slic,10.0,10,0.8911731496774511,7,10
63,slic,0.1,40,0.4950004781951451,25,10
64,slic,1.0,40,0.48543196396004956,24,10
65,slic,10.0,40,0.34255884029936157,31,10
66,slic,0.1,10,0.2597917349970261,1,11
67,slic,1.0,10,0.2661533589562104,1,11
68,slic,10.0,10,0.658319652172508,5,11
69,slic,0.1,40,0.99976333173907,3,11
70,slic,1.0,40,0.9990475992000529,3,11
71,slic,10.0,40,0.2810252872939656,17,11
72,slic,0.1,10,0.9999273189235267,5,12
73,slic,1.0,10,0.9999226677710413,5,12
74,slic,10.0,10,0.499850442076194,5,12
75,slic,0.1,40,0.5704903816936537,20,12
76,slic,1.0,40,0.6480304784562756,20,12
77,slic,10.0,40,0.6973776633998502,24,12
78,slic,0.1,10,0.2585094284644348,1,13
79,slic,1.0,10,0.2576526951594045,1,13
80,slic,10.0,10,0.272016720439185,1,13
81,slic,0.1,40,0.27118343686095636,1,13
82,slic,1.0,40,0.26361864593795736,1,13
83,slic,10.0,40,0.6129609470640722,4,13
84,slic,0.1,10,0.9994653298423652,2,14
85,slic,1.0,10,0.9994151770366254,2,14
86,slic,10.0,10,0.5345675948661821,6,14
87,slic,0.1,40,0.6368400391206412,10,14
88,slic,1.0,40,0.5517128225618892,10,14
89,slic,10.0,40,0.1250834316370254,23,14
90,slic,0.1,10,0.25377886018324836,1,15
91,slic,1.0,10,0.26573182205359824,1,15
92,slic,10.0,10,0.5900638216863929,4,15
93,slic,0.1,40,0.5734861143273644,6,15
94,slic,1.0,40,0.7203430434272349,6,15
95,slic,10.0,40,0.15967934537021866,21,15
96,slic,0.1,10,0.9999091014109989,3,16
97,slic,1.0,10,0.9998982292592492,3,16
98,slic,10.0,10,0.8249510938052497,6,16
99,slic,0.1,40,0.5614362617868771,19,16
100,slic,1.0,40,0.6296036945046348,20,16
101,slic,10.0,40,0.6358685401132935,27,16
102,slic,0.1,10,0.26064474844735164,1,17
103,slic,1.0,10,0.26573182205931,1,17
104,slic,10.0,10,0.8366703081087433,3,17
105,slic,0.1,40,0.5025814954508758,7,17
106,slic,1.0,40,0.4976992029788015,7,17
107,slic,10.0,40,0.12131115519140513,21,17
108,slic,0.1,10,0.8596649201854369,4,18
109,slic,1.0,10,0.9045131236045698,4,18
110,slic,10.0,10,0.7389301098151009,5,18
111,slic,0.1,40,0.8230156298584844,6,18
112,slic,1.0,40,0.9440878968950275,6,18
113,slic,10.0,40,0.6274001344574778,15,18
114,slic,0.1,10,0.6238711873590401,4,19
115,slic,1.0,10,0.60982136942932,4,19
116,slic,10.0,10,0.609053855792949,6,19
117,slic,0.1,40,0.5191799700655813,6,19
118,slic,1.0,40,0.37294096040430125,7,19
119,slic,10.0,40,0.089457927472262,15,19
120,slic,0.1,10,0.25936467125393003,1,20
121,slic,1.0,10,0.2614962796324404,1,20
122,slic,10.0,10,0.9990744519197667,2,20
123,slic,0.1,40,0.6738025771584318,3,20
124,slic,1.0,40,0.7882104247255896,3,20
125,slic,10.0,40,0.19924381585204287,11,20
126,slic,0.1,10,0.9999244478772901,4,21
127,slic,1.0,10,0.9999170744344437,4,21
128,slic,10.0,10,0.5545808966295591,6,21
129,slic,0.1,40,0.7172878685338124,23,21
130,slic,1.0,40,0.7165831874196752,23,21
131,slic,10.0,40,0.6182750264165842,33,21
132,slic,0.1,10,0.203497930960429,8,22
133,slic,1.0,10,0.18480023962594816,8,22
134,slic,10.0,10,0.22237885255080467,7,22
135,slic,0.1,40,0.05018619609643115,22,22
136,slic,1.0,40,0.05307187006555458,21,22
137,slic,10.0,40,0.06997340438898803,31,22
138,slic,0.1,10,0.9992916867732189,2,23
139,slic,1.0,10,0.9997931320669831,2,23
140,slic,10.0,10,0.9998799167377769,2,23
141,slic,0.1,40,0.806812740634518,16,23
142,slic,1.0,40,0.6965472636228935,15,23
143,slic,10.0,40,0.7142969790474897,32,23
144,slic,0.1,10,0.8402867633744096,3,24
145,slic,1.0,10,0.8613218781116303,3,24
146,slic,10.0,10,0.21928231371863072,7,24
147,slic,0.1,40,0.4216567294058631,9,24
148,slic,1.0,40,0.45331238096540966,9,24
149,slic,10.0,40,0.06235280207166938,29,24
150,slic,0.1,10,0.4030151240111617,7,25
151,slic,1.0,10,0.4830428969110888,6,25
152,slic,10.0,10,0.5554325056805222,7,25
153,slic,0.1,40,0.35003146686446696,18,25
154,slic,1.0,40,0.21990871992259667,19,25
155,slic,10.0,40,0.09326702946475274,26,25
156,slic,0.1,10,0.8974656754343936,3,26
157,slic,1.0,10,0.9329270920140648,3,26
158,slic,10.0,10,0.9516961010691433,3,26
159,slic,0.1,40,0.6307483743619613,6,26
160,slic,1.0,40,0.7840895658075839,6,26
161,slic,10.0,40,0.4922976492535768,15,26
162,slic,0.1,10,0.2682555744621581,1,27
163,slic,1.0,10,0.2699308085066816,1,27
164,slic,10.0,10,0.6481190819295933,7,27
165,slic,0.1,40,0.9812037816014584,9,27
166,slic,1.0,40,0.6515235146266152,8,27
167,slic,10.0,40,0.17056081787568877,29,27
168,slic,0.1,10,0.2981539209815458,6,28
169,slic,1.0,10,0.14544651030305744,7,28
170,slic,10.0,10,0.06147577229728829,9,28
171,slic,0.1,40,0.04552777171146194,22,28
172,slic,1.0,40,0.0576518204302835,24,28
173,slic,10.0,40,0.1482857436859748,31,28
174,slic,0.1,10,0.9991186382257966,2,29
175,slic,1.0,10,0.9992435830957161,2,29
176,slic,10.0,10,0.27514259410320985,8,29
177,slic,0.1,40,0.3056808264806723,10,29
178,slic,1.0,40,0.39822553482232115,10,29
179,slic,10.0,40,0.08659646250303799,29,29
180,slic,0.1,10,0.999057778954246,2,30
181,slic,1.0,10,0.999081813897419,2,30
182,slic,10.0,10,0.7068089774665423,4,30
183,slic,0.1,40,0.23980092401827113,12,30
184,slic,1.0,40,0.2189280087593144,12,30
185,slic,10.0,40,0.1959867866310443,21,30
186,slic,0.1,10,0.744593597664851,4,31
187,slic,1.0,10,0.7103040218623518,4,31
188,slic,10.0,10,0.792988942232218,4,31
189,slic,0.1,40,0.297687578685055,11,31
190,slic,1.0,40,0.49228068720770474,10,31
191,slic,10.0,40,0.14953139167630802,22,31
192,slic,0.1,10,0.7012089136880788,3,32
193,slic,1.0,10,0.6888648497534655,3,32
194,slic,10.0,10,0.637089623984838,5,32
195,slic,0.1,40,0.5152690959850945,14,32
196,slic,1.0,40,0.46281771575687897,13,32
197,slic,10.0,40,0.1829773067296805,29,32
198,slic,0.1,10,0.26783585918615926,1,33
199,slic,1.0,10,0.27616163323178344,1,33
200,slic,10.0,10,0.11085634563486235,8,33
201,slic,0.1,40,0.7808370036721642,4,33
202,slic,1.0,40,0.6553947585372459,5,33
203,slic,10.0,40,0.05649629419876956,31,33
204,slic,0.1,10,0.7862400353646858,4,34
205,slic,1.0,10,0.8116502738664151,4,34
206,slic,10.0,10,0.891013217650172,6,34
207,slic,0.1,40,0.7043277847018704,17,34
208,slic,1.0,40,0.7414872216887816,17,34
209,slic,10.0,40,0.17338123612053746,35,34
210,slic,0.1,10,0.2108451018407238,6,35
211,slic,1.0,10,0.1223903058795579,6,35
212,slic,10.0,10,0.05868431750741798,8,35
213,slic,0.1,40,0.086579670509221,9,35
214,slic,1.0,40,0.022160146633541156,11,35
215,slic,10.0,40,0.0662563836107616,33,35
216,slic,0.1,10,0.9995984508399393,2,36
217,slic,1.0,10,0.9996787773394705,2,36
218,slic,10.0,10,0.5312001389053856,6,36
219,slic,0.1,40,0.8502915024731844,7,36
220,slic,1.0,40,0.7059718856035907,11,36
221,slic,10.0,40,0.37926142440553046,31,36
222,slic,0.1,10,0.27492191034396485,1,37
223,slic,1.0,10,0.27076625498304574,1,37
224,slic,10.0,10,0.8632501700496125,3,37
225,slic,0.1,40,0.6976964920970606,7,37
226,slic,1.0,40,0.7156656709675885,7,37
227,slic,10.0,40,0.562449664666844,18,37
228,slic,0.1,10,0.9998728173618889,2,38
229,slic,1.0,10,0.9998677491602221,2,38
230,slic,10.0,10,0.8654328947273825,6,38
231,slic,0.1,40,0.784827995909963,5,38
232,slic,1.0,40,0.6227699867016356,8,38
233,slic,10.0,40,0.3787245017621511,27,38
234,slic,0.1,10,0.2610706991731756,1,39
235,slic,1.0,10,0.26361864606498076,1,39
236,slic,10.0,10,0.49726576254986404,6,39
237,slic,0.1,40,0.45339303205673653,4,39
238,slic,1.0,40,0.7140467553688032,3,39
239,slic,10.0,40,0.17219702812533733,27,39
240,slic,0.1,10,0.25679446812597684,1,40
241,slic,1.0,10,0.25893723609116626,1,40
242,slic,10.0,10,0.4165925359122553,8,40
243,slic,0.1,40,0.5864785178981556,10,40
244,slic,1.0,40,0.4369805170353602,11,40
245,slic,10.0,40,0.05746639240438922,28,40
246,slic,0.1,10,0.9959618116301606,3,41
247,slic,1.0,10,0.9972716216787002,3,41
248,slic,10.0,10,0.5944474478046514,10,41
249,slic,0.1,40,0.6356421649397157,10,41
250,slic,1.0,40,0.6401116598192114,11,41
251,slic,10.0,40,0.2118182721192712,31,41
252,slic,0.1,10,0.9992649684977085,2,42
253,slic,1.0,10,0.9991114782002567,2,42
254,slic,10.0,10,0.46371585600524673,7,42
255,slic,0.1,40,0.5631710197000965,9,42
256,slic,1.0,40,0.5126861977297155,11,42
257,slic,10.0,40,0.24914107556252196,25,42
258,slic,0.1,10,0.9999310945411662,7,43
259,slic,1.0,10,0.9999276178204666,7,43
260,slic,10.0,10,0.9519001807421277,8,43
261,slic,0.1,40,0.998317348966227,28,43
262,slic,1.0,40,0.9999333333166144,27,43
263,slic,10.0,40,0.8582507529472831,28,43
264,slic,0.1,10,0.9999101122643528,5,44
265,slic,1.0,10,0.9999182650686429,5,44
266,slic,10.0,10,0.9811079286334417,7,44
267,slic,0.1,40,0.821633853355612,27,44
268,slic,1.0,40,0.7752492212986327,29,44
269,slic,10.0,40,0.643702786673408,31,44
270,slic,0.1,10,0.26446501639727016,1,45
271,slic,1.0,10,0.2790418951364686,1,45
272,slic,10.0,10,0.21915336991886192,7,45
273,slic,0.1,40,0.34981852869921637,6,45
274,slic,1.0,40,0.4666446466301419,7,45
275,slic,10.0,40,0.08936293219023073,29,45
276,slic,0.1,10,0.6077806360810792,5,46
277,slic,1.0,10,0.5934604712808582,5,46
278,slic,10.0,10,0.7253892038962103,4,46
279,slic,0.1,40,0.4480552817940117,18,46
280,slic,1.0,40,0.5082381726450378,18,46
281,slic,10.0,40,0.3638950551776994,26,46
282,slic,0.1,10,0.4599868094718621,5,47
283,slic,1.0,10,0.47494565878778017,5,47
284,slic,10.0,10,0.2628932925198688,7,47
285,slic,0.1,40,0.3053835178022443,10,47
286,slic,1.0,40,0.25838456143931154,11,47
287,slic,10.0,40,0.15062406323288433,27,47
288,slic,0.1,10,0.999907792225043,3,48
289,slic,1.0,10,0.9998959950218326,3,48
290,slic,10.0,10,0.843170948651109,5,48
291,slic,0.1,40,0.999924727618329,5,48
292,slic,1.0,40,0.99992958263885,6,48
293,slic,10.0,40,0.49453197773968116,29,48
294,slic,0.1,10,0.9998642952621224,2,49
295,slic,1.0,10,0.999866743151796,2,49
296,slic,10.0,10,0.8290100921368107,4,49
297,slic,0.1,40,0.9999176231031596,5,49
298,slic,1.0,40,0.9999226389376632,4,49
299,slic,10.0,40,0.3967391191344579,23,49
300,slic,0.1,10,0.6717096006462915,4,50
301,slic,1.0,10,0.6744894273747891,4,50
302,slic,10.0,10,0.3496131117308229,6,50
303,slic,0.1,40,0.14363399258175147,16,50
304,slic,1.0,40,0.16963936703841698,19,50
305,slic,10.0,40,0.07294257578950147,31,50
306,slic,0.1,10,0.26993080639646616,1,51
307,slic,1.0,10,0.267835857062667,1,51
308,slic,10.0,10,0.2186584812050536,8,51
309,slic,0.1,40,0.2745079544499103,1,51
310,slic,1.0,40,0.25722376640630185,1,51
311,slic,10.0,40,0.17071093435487927,27,51
312,slic,0.1,10,0.28108863340701185,1,52
313,slic,1.0,10,0.27492190998093735,1,52
314,slic,10.0,10,0.4156993499385923,4,52
315,slic,0.1,40,0.36672951043035673,18,52
316,slic,1.0,40,0.37968720156762714,18,52
317,slic,10.0,40,0.3436952689285391,29,52
318,slic,0.1,10,0.8761021847964972,3,53
319,slic,1.0,10,0.8325976634198167,4,53
320,slic,10.0,10,0.48284333937304746,6,53
321,slic,0.1,40,0.7032450459543522,7,53
322,slic,1.0,40,0.7288651441141398,5,53
323,slic,10.0,40,0.179041861706827,27,53
324,slic,0.1,10,0.2640420148334821,1,54
325,slic,1.0,10,0.26488765118768187,1,54
326,slic,10.0,10,0.8949371064697133,3,54
327,slic,0.1,40,0.3579913118597944,7,54
328,slic,1.0,40,0.3297731547020939,8,54
329,slic,10.0,40,0.24222954893875004,16,54
330,slic,0.1,10,0.9990940775875633,2,55
331,slic,1.0,10,0.9991614294137474,2,55
332,slic,10.0,10,0.122535817826258,7,55
333,slic,0.1,40,0.15125059634271054,6,55
334,slic,1.0,40,0.23226149966826515,6,55
335,slic,10.0,40,0.061447604755591856,28,55
336,slic,0.1,10,0.27201672053943615,1,56
337,slic,1.0,10,0.26530991957579747,1,56
338,slic,10.0,10,0.19255912175335654,9,56
339,slic,0.1,40,0.5368247966752191,5,56
340,slic,1.0,40,0.47140342912514255,6,56
341,slic,10.0,40,0.0676698928234507,31,56
342,slic,0.1,10,0.8282586715809994,5,57
343,slic,1.0,10,0.8205951051665299,5,57
344,slic,10.0,10,0.9471067794798972,6,57
345,slic,0.1,40,0.6373814446542609,16,57
346,slic,1.0,40,0.7514212801909993,18,57
347,slic,10.0,40,0.4568790766429966,30,57
348,slic,0.1,10,0.9998749680980982,2,58
349,slic,1.0,10,0.9998852484028794,2,58
350,slic,10.0,10,0.9997012535818487,3,58
351,slic,0.1,40,0.3608829092185809,11,58
352,slic,1.0,40,0.37963177665228165,11,58
353,slic,10.0,40,0.10082725444993512,23,58
354,slic,0.1,10,0.26446501627134567,1,59
355,slic,1.0,10,0.2555043189380489,1,59
356,slic,10.0,10,0.6845176618478088,3,59
357,slic,0.1,40,0.7432162402402004,5,59
358,slic,1.0,40,0.7065482372494725,5,59
359,slic,10.0,40,0.06021469498894627,15,59
360,slic,0.1,10,0.6631253996097537,4,60
361,slic,1.0,10,0.6971050881917096,4,60
362,slic,10.0,10,0.47557600088258667,6,60
363,slic,0.1,40,0.23459716834811983,16,60
364,slic,1.0,40,0.2983551612805323,17,60
365,slic,10.0,40,0.13941686426030042,30,60
366,slic,0.1,10,0.3723051068871438,5,61
367,slic,1.0,10,0.3776592195127696,5,61
368,slic,10.0,10,0.2558321627376461,5,61
369,slic,0.1,40,0.05112483260927769,26,61
370,slic,1.0,40,0.07390028129616888,25,61
371,slic,10.0,40,0.06904068877564773,31,61
372,slic,0.1,10,0.49704741447522033,4,62
373,slic,1.0,10,0.5249955614234041,5,62
374,slic,10.0,10,0.6270299335714125,8,62
375,slic,0.1,40,0.6770592422916112,25,62
376,slic,1.0,40,0.6853572228982503,23,62
377,slic,10.0,40,0.6623267141087362,31,62
378,slic,0.1,10,0.9390974898006393,8,63
379,slic,1.0,10,0.9593920666323097,8,63
380,slic,10.0,10,0.9999309490692899,9,63
381,slic,0.1,40,0.604098985497556,28,63
382,slic,1.0,40,0.6367643819606108,28,63
383,slic,10.0,40,0.6491500777932963,29,63
384,slic,0.1,10,0.9989627473189389,2,64
385,slic,1.0,10,0.9991047974072023,2,64
386,slic,10.0,10,0.4729027695087892,4,64
387,slic,0.1,40,0.22308465706364833,8,64
388,slic,1.0,40,0.13413792113226541,10,64
389,slic,10.0,40,0.09122715887966493,30,64
390,slic,0.1,10,0.9998732944273926,2,65
391,slic,1.0,10,0.9998840269889729,3,65
392,slic,10.0,10,0.9883110653249949,5,65
393,slic,0.1,40,0.6704812902690811,19,65
394,slic,1.0,40,0.6466499215988226,20,65
395,slic,10.0,40,0.7545053463473673,28,65
396,slic,0.1,10,0.26825557443233616,1,66
397,slic,1.0,10,0.2669953377000287,1,66
398,slic,10.0,10,0.1319879854515894,7,66
399,slic,0.1,40,0.9037091921092203,3,66
400,slic,1.0,40,0.7306644179941786,4,66
401,slic,10.0,40,0.05983301567541422,30,66
402,slic,0.1,10,0.5469392388150471,6,67
403,slic,1.0,10,0.52023307916271,6,67
404,slic,10.0,10,0.3012859642011545,9,67
405,slic,0.1,40,0.2217310628613658,17,67
406,slic,1.0,40,0.25589234144910367,18,67
407,slic,10.0,40,0.09721941055617,30,67
408,slic,0.1,10,0.6657900221689883,6,68
409,slic,1.0,10,0.6199195504079387,6,68
410,slic,10.0,10,0.5190348508983837,9,68
411,slic,0.1,40,0.5320583422932943,26,68
412,slic,1.0,40,0.5532232560154684,25,68
413,slic,10.0,40,0.3988462134333558,33,68
414,slic,0.1,10,0.4930539860353447,5,69
415,slic,1.0,10,0.47488303816989375,5,69
416,slic,10.0,10,0.4604972517146173,8,69
417,slic,0.1,40,0.2615525006829976,11,69
418,slic,1.0,40,0.21054197378466408,15,69
419,slic,10.0,40,0.15601683156190438,33,69
420,slic,0.1,10,0.677820674203554,3,70
421,slic,1.0,10,0.6429833228008538,3,70
422,slic,10.0,10,0.1257695053343726,7,70
423,slic,0.1,40,0.20740763939007145,7,70
424,slic,1.0,40,0.15539926044164853,10,70
425,slic,10.0,40,0.05160977768886299,27,70
426,slic,0.1,10,0.6116691877539882,4,71
427,slic,1.0,10,0.6031172605844974,4,71
428,slic,10.0,10,0.22457897643712965,7,71
429,slic,0.1,40,0.5675538398863451,13,71
430,slic,1.0,40,0.5081794636840015,14,71
431,slic,10.0,40,0.12286305889545834,29,71
432,slic,0.1,10,0.9991542902084538,2,72
433,slic,1.0,10,0.999162285931686,2,72
434,slic,10.0,10,0.5050990580621759,8,72
435,slic,0.1,40,0.883203611379318,3,72
436,slic,1.0,40,0.9070658633642762,3,72
437,slic,10.0,40,0.3931187312550509,32,72
438,slic,0.1,10,0.2627708053037896,1,73
439,slic,1.0,10,0.26530991961009387,1,73
440,slic,10.0,10,0.6975395959669286,6,73
441,slic,0.1,40,0.26573182205931023,1,73
442,slic,1.0,40,0.280270993565812,1,73
443,slic,10.0,40,0.2429493060021699,31,73
444,slic,0.1,10,0.738508627368478,4,74
445,slic,1.0,10,0.626624025356294,5,74
446,slic,10.0,10,0.6334333267338117,6,74
447,slic,0.1,40,0.358966032935659,15,74
448,slic,1.0,40,0.4216435500411879,15,74
449,slic,10.0,40,0.10447019459062945,29,74
450,slic,0.1,10,0.857372338708985,3,75
451,slic,1.0,10,0.8403386699902341,3,75
452,slic,10.0,10,0.6069268333105864,4,75
453,slic,0.1,40,0.3924594856090594,15,75
454,slic,1.0,40,0.39382481079504866,15,75
455,slic,10.0,40,0.20958843199866795,29,75
456,slic,0.1,10,0.9997186102510525,2,76
457,slic,1.0,10,0.9996796318367696,2,76
458,slic,10.0,10,0.397103218268519,6,76
459,slic,0.1,40,0.7752425274949991,9,76
460,slic,1.0,40,0.8052326622399099,10,76
461,slic,10.0,40,0.17210033375781097,27,76
462,slic,0.1,10,0.7758870161073494,5,77
463,slic,1.0,10,0.9999305397236498,7,77
464,slic,10.0,10,0.8754442146305689,8,77
465,slic,0.1,40,0.5492515878400215,28,77
466,slic,1.0,40,0.5388018405294343,28,77
467,slic,10.0,40,0.39430417158116027,34,77
468,slic,0.1,10,0.99991071029512,3,78
469,slic,1.0,10,0.9999099597473259,3,78
470,slic,10.0,10,0.9958395214114404,5,78
471,slic,0.1,40,0.6174822671186775,15,78
472,slic,1.0,40,0.6912399889592458,15,78
473,slic,10.0,40,0.3300988496013163,22,78
474,slic,0.1,10,0.5216028034800184,7,79
475,slic,1.0,10,0.35794470858438365,7,79
476,slic,10.0,10,0.21847982195762072,7,79
477,slic,0.1,40,0.357683590559289,25,79
478,slic,1.0,40,0.34640213724871716,25,79
479,slic,10.0,40,0.1256098595249373,27,79
480,slic,0.1,10,0.9998462337082215,2,80
481,slic,1.0,10,0.9998915406038542,2,80
482,slic,10.0,10,0.35089192444798994,7,80
483,slic,0.1,40,0.1107646419878423,14,80
484,slic,1.0,40,0.13595161382807375,14,80
485,slic,10.0,40,0.05451689446855079,26,80
486,slic,0.1,10,0.2773981564781465,1,81
487,slic,1.0,10,0.265309919610094,1,81
488,slic,10.0,10,0.9573911156621229,5,81
489,slic,0.1,40,0.9999174685281037,4,81
490,slic,1.0,40,0.9999220605246344,4,81
491,slic,10.0,40,0.5967637244256873,18,81
492,slic,0.1,10,0.23985158270904752,7,82
493,slic,1.0,10,0.21849835747727364,7,82
494,slic,10.0,10,0.4453649056011971,6,82
495,slic,0.1,40,0.3228004008929568,7,82
496,slic,1.0,40,0.31972244843386965,8,82
497,slic,10.0,40,0.1594000344833606,24,82
498,slic,0.1,10,0.7018054953034099,5,83
499,slic,1.0,10,0.6584996034284393,6,83
500,slic,10.0,10,0.7240760805544062,7,83
501,slic,0.1,40,0.9713480754574579,20,83
502,slic,1.0,40,0.8882924329318864,20,83
503,slic,10.0,40,0.8770960745375774,29,83
504,slic,0.1,10,0.9998989160054929,3,84
505,slic,1.0,10,0.9999135943538819,3,84
506,slic,10.0,10,0.9999196380429541,6,84
507,slic,0.1,40,0.582476484038615,8,84
508,slic,1.0,40,0.5716712524734142,8,84
509,slic,10.0,40,0.7253078803243042,21,84
510,slic,0.1,10,0.26107069918649173,1,85
511,slic,1.0,10,0.260218427190262,1,85
512,slic,10.0,10,0.26741578042385794,1,85
513,slic,0.1,40,0.7521365151133124,6,85
514,slic,1.0,40,0.7661954995016748,6,85
515,slic,10.0,40,0.5402791880469577,14,85
516,slic,0.1,10,0.45036115228653023,4,86
517,slic,1.0,10,0.6796279988715952,3,86
518,slic,10.0,10,0.1000043132065863,7,86
519,slic,0.1,40,0.22058606102952616,6,86
520,slic,1.0,40,0.12116666561928757,9,86
521,slic,10.0,40,0.06157199831370485,30,86
522,slic,0.1,10,0.6786255173645455,4,87
523,slic,1.0,10,0.6834727094232501,4,87
524,slic,10.0,10,0.7460462068026159,4,87
525,slic,0.1,40,0.6386646445785892,10,87
526,slic,1.0,40,0.6547317447171641,9,87
527,slic,10.0,40,0.5118494200715452,22,87
528,slic,0.1,10,0.48419698175472337,5,88
529,slic,1.0,10,0.4436132571903846,6,88
530,slic,10.0,10,0.5166676100355493,7,88
531,slic,0.1,40,0.3440988925031888,21,88
532,slic,1.0,40,0.3340485084821415,21,88
533,slic,10.0,40,0.1424954140568072,32,88
534,slic,0.1,10,0.7603824602799838,6,89
535,slic,1.0,10,0.9349727298881171,6,89
536,slic,10.0,10,0.8209603814659896,6,89
537,slic,0.1,40,0.7036585912043082,20,89
538,slic,1.0,40,0.7133917148177972,18,89
539,slic,10.0,40,0.745422363016499,29,89
540,slic,0.1,10,0.8221276041815871,3,90
541,slic,1.0,10,0.7989350041913753,3,90
542,slic,10.0,10,0.8176861164115466,3,90
543,slic,0.1,40,0.685640877369832,3,90
544,slic,1.0,40,0.5203797175502518,4,90
545,slic,10.0,40,0.115279493596953,15,90
546,slic,0.1,10,0.8329312034896414,5,91
547,slic,1.0,10,0.8044460884577098,5,91
548,slic,10.0,10,0.533147791436765,8,91
549,slic,0.1,40,0.844747999854544,3,91
550,slic,1.0,40,0.808890601044799,4,91
551,slic,10.0,40,0.1934204498341926,29,91
552,slic,0.1,10,0.5722949961346633,5,92
553,slic,1.0,10,0.566267169365044,5,92
554,slic,10.0,10,0.5001072070511432,7,92
555,slic,0.1,40,0.2658784967608303,11,92
556,slic,1.0,40,0.2379196123590618,14,92
557,slic,10.0,40,0.17607270011658138,28,92
558,slic,0.1,10,0.9999207529018584,5,93
559,slic,1.0,10,0.9999249263481905,5,93
560,slic,10.0,10,0.9873993178577212,7,93
561,slic,0.1,40,0.6528797397330135,21,93
562,slic,1.0,40,0.66929096838881,24,93
563,slic,10.0,40,0.6565179435859302,31,93
564,slic,0.1,10,0.7868709555066162,7,94
565,slic,1.0,10,0.7673012570981712,8,94
566,slic,10.0,10,0.9726677030389571,7,94
567,slic,0.1,40,0.5643089683848659,25,94
568,slic,1.0,40,0.5757595122615227,26,94
569,slic,10.0,40,0.5491756966290946,31,94
570,slic,0.1,10,0.26064474844735186,1,95
571,slic,1.0,10,0.25679446816121765,1,95
572,slic,10.0,10,0.9995001127382191,2,95
573,slic,0.1,40,0.18082920777887423,12,95
574,slic,1.0,40,0.20567653614365888,11,95
575,slic,10.0,40,0.053443193197728944,16,95
576,slic,0.1,10,0.269930808486473,1,96
577,slic,1.0,10,0.2707662549629205,1,96
578,slic,10.0,10,0.30239759291234547,5,96
579,slic,0.1,40,0.6904796109039264,5,96
580,slic,1.0,40,0.6079577910434526,5,96
581,slic,10.0,40,0.05132347501472667,26,96
582,slic,0.1,10,0.2682555737645338,1,97
583,slic,1.0,10,0.2485661524321099,1,97
584,slic,10.0,10,0.36149812256773894,5,97
585,slic,0.1,40,0.4506640049195634,4,97
586,slic,1.0,40,0.3632854235055154,5,97
587,slic,10.0,40,0.05277858164516647,22,97
588,slic,0.1,10,0.26277080519788876,1,98
589,slic,1.0,10,0.26951254313549533,1,98
590,slic,10.0,10,0.9991245922234351,2,98
591,slic,0.1,40,0.7717750155161913,4,98
592,slic,1.0,40,0.7268697862440897,4,98
593,slic,10.0,40,0.19077125820594054,12,98
594,slic,0.1,10,0.26446501606212214,1,99
595,slic,1.0,10,0.2631949093492656,1,99
596,slic,10.0,10,0.28090315145250366,5,99
597,slic,0.1,40,0.3368338664992627,5,99
598,slic,1.0,40,0.31666599964018427,5,99
599,slic,10.0,40,0.05815503600844086,27,99
